INSERT INTO CITY ("CITY_CODE","CITY_NAME","STATE","COUNTRY") VALUES('LKUS','Louisville','Kentucky','United States');
INSERT INTO CITY ("CITY_CODE","CITY_NAME","STATE","COUNTRY") VALUES('CCI','Chandigarh','Chandigarh','India');
INSERT INTO CITY ("CITY_CODE","CITY_NAME","STATE","COUNTRY") VALUES('FWTUS','Fort Worth','Texas','United States');
INSERT INTO CITY ("CITY_CODE","CITY_NAME","STATE","COUNTRY") VALUES('DDI','Delhi','Delhi','India');
INSERT INTO CITY ("CITY_CODE","CITY_NAME","STATE","COUNTRY") VALUES('MMMI','Mumbai','Maharashtra','India');
INSERT INTO CITY ("CITY_CODE","CITY_NAME","STATE","COUNTRY") VALUES('SFCUS','San Francisco', 'California', 'United States');
INSERT INTO CITY ("CITY_CODE","CITY_NAME","STATE","COUNTRY") VALUES('FHG','Frankfurt','Hesse','Germany');
INSERT INTO CITY ("CITY_CODE","CITY_NAME","STATE","COUNTRY") VALUES('HTUS','Houston','Texas','United States');
INSERT INTO CITY ("CITY_CODE","CITY_NAME","STATE","COUNTRY") VALUES('NYCUS','New York City','New York','United States');
INSERT INTO CITY ("CITY_CODE","CITY_NAME","STATE","COUNTRY") VALUES('TFUS','Tampa', 'Florida', 'United States');
INSERT INTO CITY ("CITY_CODE","CITY_NAME","STATE","COUNTRY") VALUES('CTNI','Chennai', 'Tamil Nadu', 'India');





INSERT INTO AIRPORT ("AIRPORT_NAME","AIRPORT_CODE","CITY_CODE") VALUES('Louisville International Airport','SDF','LKUS');
INSERT INTO AIRPORT ("AIRPORT_NAME","AIRPORT_CODE","CITY_CODE") VALUES('Chandigarh International Airport','IXC','CCI');
INSERT INTO AIRPORT ("AIRPORT_NAME","AIRPORT_CODE","CITY_CODE") VALUES('Dallas/Fort Worth International Airport','DFW','FWTUS');
INSERT INTO AIRPORT ("AIRPORT_NAME","AIRPORT_CODE","CITY_CODE") VALUES('Indira Gandhi International Airport','DEL','DDI');
INSERT INTO AIRPORT ("AIRPORT_NAME","AIRPORT_CODE","CITY_CODE") VALUES('Chhatrapati Shivaji International Airport','BOM','MMMI');
INSERT INTO AIRPORT ("AIRPORT_NAME","AIRPORT_CODE","CITY_CODE") VALUES('San Francisco International Airport','SFO','SFCUS');
INSERT INTO AIRPORT ("AIRPORT_NAME","AIRPORT_CODE","CITY_CODE") VALUES('Frankfurt Airport','FRA','FHG');
INSERT INTO AIRPORT ("AIRPORT_NAME","AIRPORT_CODE","CITY_CODE") VALUES('George Bush Intercontinental Airport','IAH','HTUS');
INSERT INTO AIRPORT ("AIRPORT_NAME","AIRPORT_CODE","CITY_CODE") VALUES('John F. Kennedy International Airport','JFK','NYCUS');
INSERT INTO AIRPORT ("AIRPORT_NAME","AIRPORT_CODE","CITY_CODE") VALUES('Tampa International Airport','TPA','TFUS');
INSERT INTO AIRPORT ("AIRPORT_NAME","AIRPORT_CODE","CITY_CODE") VALUES('Chennai International Airport','MAA','CTNI');




INSERT INTO AIRLINE ("AIRLINE_ID","AIRLINE_NAME","AIRLINE_CODE") VALUES('AA','American Airlines','001');
INSERT INTO AIRLINE ("AIRLINE_ID","AIRLINE_NAME","AIRLINE_CODE") VALUES('AI','Air India Limited','098');
INSERT INTO AIRLINE ("AIRLINE_ID","AIRLINE_NAME","AIRLINE_CODE") VALUES('LH','Lufthansa', '220');
INSERT INTO AIRLINE ("AIRLINE_ID","AIRLINE_NAME","AIRLINE_CODE") VALUES('BA','British Airways','125');
INSERT INTO AIRLINE ("AIRLINE_ID","AIRLINE_NAME","AIRLINE_CODE") VALUES('QR','Qatar Airways','157');
INSERT INTO AIRLINE ("AIRLINE_ID","AIRLINE_NAME","AIRLINE_CODE") VALUES('JW','Jet Airways','589');
INSERT INTO AIRLINE ("AIRLINE_ID","AIRLINE_NAME","AIRLINE_CODE") VALUES('EK','Emirates','176');
INSERT INTO AIRLINE ("AIRLINE_ID","AIRLINE_NAME","AIRLINE_CODE") VALUES('EY','Ethiad Airways','607');





INSERT INTO DOCKED_AIRLINE ("AIRLINE_CODE","AIRPORT_CODE") VALUES('001','SDF');
INSERT INTO DOCKED_AIRLINE ("AIRLINE_CODE","AIRPORT_CODE") VALUES('001','JFK');
INSERT INTO DOCKED_AIRLINE ("AIRLINE_CODE","AIRPORT_CODE") VALUES('001','IAH');
INSERT INTO DOCKED_AIRLINE ("AIRLINE_CODE","AIRPORT_CODE") VALUES('001','SFO');
INSERT INTO DOCKED_AIRLINE ("AIRLINE_CODE","AIRPORT_CODE") VALUES('001','TPA');
INSERT INTO DOCKED_AIRLINE ("AIRLINE_CODE","AIRPORT_CODE") VALUES('098','IXC');
INSERT INTO DOCKED_AIRLINE ("AIRLINE_CODE","AIRPORT_CODE") VALUES('098','DFW');
INSERT INTO DOCKED_AIRLINE ("AIRLINE_CODE","AIRPORT_CODE") VALUES('098','DEL');
INSERT INTO DOCKED_AIRLINE ("AIRLINE_CODE","AIRPORT_CODE") VALUES('098','BOM');
INSERT INTO DOCKED_AIRLINE ("AIRLINE_CODE","AIRPORT_CODE") VALUES('098','IAH');
INSERT INTO DOCKED_AIRLINE ("AIRLINE_CODE","AIRPORT_CODE") VALUES('220','BOM');
INSERT INTO DOCKED_AIRLINE ("AIRLINE_CODE","AIRPORT_CODE") VALUES('220','FRA');
INSERT INTO DOCKED_AIRLINE ("AIRLINE_CODE","AIRPORT_CODE") VALUES('220','JFK');
INSERT INTO DOCKED_AIRLINE ("AIRLINE_CODE","AIRPORT_CODE") VALUES('220','SFO');
INSERT INTO DOCKED_AIRLINE ("AIRLINE_CODE","AIRPORT_CODE") VALUES('220','DFW');
INSERT INTO DOCKED_AIRLINE ("AIRLINE_CODE","AIRPORT_CODE") VALUES('125','JFK');
INSERT INTO DOCKED_AIRLINE ("AIRLINE_CODE","AIRPORT_CODE") VALUES('125','BOM');
INSERT INTO DOCKED_AIRLINE ("AIRLINE_CODE","AIRPORT_CODE") VALUES('125','IXC');
INSERT INTO DOCKED_AIRLINE ("AIRLINE_CODE","AIRPORT_CODE") VALUES('125','FRA');
INSERT INTO DOCKED_AIRLINE ("AIRLINE_CODE","AIRPORT_CODE") VALUES('125','SFO');
INSERT INTO DOCKED_AIRLINE ("AIRLINE_CODE","AIRPORT_CODE") VALUES('157','BOM');
INSERT INTO DOCKED_AIRLINE ("AIRLINE_CODE","AIRPORT_CODE") VALUES('157','DFW');
INSERT INTO DOCKED_AIRLINE ("AIRLINE_CODE","AIRPORT_CODE") VALUES('157','JFK');
INSERT INTO DOCKED_AIRLINE ("AIRLINE_CODE","AIRPORT_CODE") VALUES('157','TPA');
INSERT INTO DOCKED_AIRLINE ("AIRLINE_CODE","AIRPORT_CODE") VALUES('157','SDF');



INSERT INTO FLIGHT_DATA("FLIGHT_CODE","SOURCE","DESTINATION","DURATION","ARRIVAL","DEPARTURE","LAYOVER_TIME","NUM_STOPS","AIRLINE_CODE") VALUES('AI2014','BOM','DFW','24hr','02:10','03:15' ,'3', '1','098');
INSERT INTO FLIGHT_DATA("FLIGHT_CODE","SOURCE","DESTINATION","DURATION","ARRIVAL","DEPARTURE","LAYOVER_TIME","NUM_STOPS","AIRLINE_CODE") VALUES('QR2305','BOM','DFW','21hr','13:00','13:55' ,'0', '0','157');
INSERT INTO FLIGHT_DATA("FLIGHT_CODE","SOURCE","DESTINATION","DURATION","ARRIVAL","DEPARTURE","LAYOVER_TIME","NUM_STOPS","AIRLINE_CODE") VALUES('EY1234','JFK','TPA','3hrs','19:20','20:05' ,'5', '2','607');
INSERT INTO FLIGHT_DATA("FLIGHT_CODE","SOURCE","DESTINATION","DURATION","ARRIVAL","DEPARTURE","LAYOVER_TIME","NUM_STOPS","AIRLINE_CODE") VALUES('LH9876','JFK','BOM','18hrs','05:50','06:35','0', '0','220');
INSERT INTO FLIGHT_DATA("FLIGHT_CODE","SOURCE","DESTINATION","DURATION","ARRIVAL","DEPARTURE","LAYOVER_TIME","NUM_STOPS","AIRLINE_CODE") VALUES('BA1689','FRA','DEL','7hrs','10:20','10:55' ,'0', '0','125');
INSERT INTO FLIGHT_DATA("FLIGHT_CODE","SOURCE","DESTINATION","DURATION","ARRIVAL","DEPARTURE","LAYOVER_TIME","NUM_STOPS","AIRLINE_CODE") VALUES('AA4367','SFO','FRA','11hrs','18:10','18:55','0', '0','001');
INSERT INTO FLIGHT_DATA("FLIGHT_CODE","SOURCE","DESTINATION","DURATION","ARRIVAL","DEPARTURE","LAYOVER_TIME","NUM_STOPS","AIRLINE_CODE") VALUES('QR1902','IXC','IAH','28hrs','22:00','22:50','5', '1','157');
INSERT INTO FLIGHT_DATA("FLIGHT_CODE","SOURCE","DESTINATION","DURATION","ARRIVAL","DEPARTURE","LAYOVER_TIME","NUM_STOPS","AIRLINE_CODE") VALUES('BA3056','BOM','DFW','29hrs','02:15','02:55','4', '1','125');
INSERT INTO FLIGHT_DATA("FLIGHT_CODE","SOURCE","DESTINATION","DURATION","ARRIVAL","DEPARTURE","LAYOVER_TIME","NUM_STOPS","AIRLINE_CODE") VALUES('EK3456','BOM','SFO','23hrs','18:50','19:40','0', '0','176');
INSERT INTO FLIGHT_DATA("FLIGHT_CODE","SOURCE","DESTINATION","DURATION","ARRIVAL","DEPARTURE","LAYOVER_TIME","NUM_STOPS","AIRLINE_CODE") VALUES('JW2334','IAH','DEL','18hrs','23:00','13:45','0', '0','589');





INSERT INTO CABIN_DATA("FLIGHT_CODE","TOTAL_SEATS","AVAIL_SEATS","TOTAL_ECONOMY_CLASS","AVAIL_ECONOMY_CLASS","TOTAL_BUSINESS_CLASS","AVAIL_BUSINESS_CLASS","TOTAL_FIRST_CLASS","AVAIL_FIRST_CLASS") VALUES('JW2334','140','43','70','14','55','24','15','5');
INSERT INTO CABIN_DATA("FLIGHT_CODE","TOTAL_SEATS","AVAIL_SEATS","TOTAL_ECONOMY_CLASS","AVAIL_ECONOMY_CLASS","TOTAL_BUSINESS_CLASS","AVAIL_BUSINESS_CLASS","TOTAL_FIRST_CLASS","AVAIL_FIRST_CLASS") VALUES('EK3456','147','40','65','10','65','20','17','10');
INSERT INTO CABIN_DATA("FLIGHT_CODE","TOTAL_SEATS","AVAIL_SEATS","TOTAL_ECONOMY_CLASS","AVAIL_ECONOMY_CLASS","TOTAL_BUSINESS_CLASS","AVAIL_BUSINESS_CLASS","TOTAL_FIRST_CLASS","AVAIL_FIRST_CLASS") VALUES('BA3056','145','41','80','10','50','25','15','6');
INSERT INTO CABIN_DATA("FLIGHT_CODE","TOTAL_SEATS","AVAIL_SEATS","TOTAL_ECONOMY_CLASS","AVAIL_ECONOMY_CLASS","TOTAL_BUSINESS_CLASS","AVAIL_BUSINESS_CLASS","TOTAL_FIRST_CLASS","AVAIL_FIRST_CLASS") VALUES('QR1902','153','55','70','17','70','29','13','9');
INSERT INTO CABIN_DATA("FLIGHT_CODE","TOTAL_SEATS","AVAIL_SEATS","TOTAL_ECONOMY_CLASS","AVAIL_ECONOMY_CLASS","TOTAL_BUSINESS_CLASS","AVAIL_BUSINESS_CLASS","TOTAL_FIRST_CLASS","AVAIL_FIRST_CLASS") VALUES('AA4367','186','36','90','10','80','17','16','9');
INSERT INTO CABIN_DATA("FLIGHT_CODE","TOTAL_SEATS","AVAIL_SEATS","TOTAL_ECONOMY_CLASS","AVAIL_ECONOMY_CLASS","TOTAL_BUSINESS_CLASS","AVAIL_BUSINESS_CLASS","TOTAL_FIRST_CLASS","AVAIL_FIRST_CLASS") VALUES('BA1689','250','119','80','10','70','19','17','7');
INSERT INTO CABIN_DATA("FLIGHT_CODE","TOTAL_SEATS","AVAIL_SEATS","TOTAL_ECONOMY_CLASS","AVAIL_ECONOMY_CLASS","TOTAL_BUSINESS_CLASS","AVAIL_BUSINESS_CLASS","TOTAL_FIRST_CLASS","AVAIL_FIRST_CLASS") VALUES('LH9876','164','37','70','10','75','16','19','11');
INSERT INTO CABIN_DATA("FLIGHT_CODE","TOTAL_SEATS","AVAIL_SEATS","TOTAL_ECONOMY_CLASS","AVAIL_ECONOMY_CLASS","TOTAL_BUSINESS_CLASS","AVAIL_BUSINESS_CLASS","TOTAL_FIRST_CLASS","AVAIL_FIRST_CLASS") VALUES('EY1234','166','30','85','10','65','17','16','3');
INSERT INTO CABIN_DATA("FLIGHT_CODE","TOTAL_SEATS","AVAIL_SEATS","TOTAL_ECONOMY_CLASS","AVAIL_ECONOMY_CLASS","TOTAL_BUSINESS_CLASS","AVAIL_BUSINESS_CLASS","TOTAL_FIRST_CLASS","AVAIL_FIRST_CLASS") VALUES('QR2305','164','33','80','10','70','18','14','5');
INSERT INTO CABIN_DATA("FLIGHT_CODE","TOTAL_SEATS","AVAIL_SEATS","TOTAL_ECONOMY_CLASS","AVAIL_ECONOMY_CLASS","TOTAL_BUSINESS_CLASS","AVAIL_BUSINESS_CLASS","TOTAL_FIRST_CLASS","AVAIL_FIRST_CLASS") VALUES('AI2014','168','32','75','10','80','14','13','8');
